from,to,relationship_type
evt_CRDDR,1974,happened_in
evt_GTFP,1975,happened_in
evt_IUCNTE,1979,happened_in
evt_GCDF,1979,happened_in
evt_TSFI,1980,happened_in
evt_GCIFPS,1978,happened_in
evt_SFTFB,1971,happened_in
evt_FGBIC,1975,happened_in
evt_CTEVDNPA,1977,happened_in
evt_CRIPBRTC,1980,happened_in
evt_IUCNLVQ,1986,happened_in
evt_IHHNVMX,1987,happened_in
evt_SKBRWHS,1987,happened_in
evt_FMRFSD,1988,happened_in
evt_CRDFR,1989,happened_in
evt_SCSFLII,1990,happened_in
evt_LSCAFD,1990,happened_in
evt_OWBCSS,1990,happened_in
evt_CPNPEBUI,1990,happened_in
evt_MTBSMXW,1990,happened_in
evt_PRPCFC,1990,happened_in
evt_FGFMCE,1990,happened_in
evt_GNTotoabaProhib,1992,happened_in
evt_UNFCCCFormed,1992,happened_in
evt_UNCEDRio,1992,happened_in
evt_VaqStatusChange,1993,happened_in
evt_AGCBioResDecreed,1993,happened_in
evt_VaqProtectedList,1994,happened_in
evt_FMCNCreated,1994,happened_in
evt_AGCBioResMngProg,1995,happened_in
evt_CaboPulmoPark,1995,happened_in
evt_GSCOperations,1996,happened_in
evt_NCNPACreated,1996,happened_in
evt_TEDsMandate,1996,happened_in
evt_KyotoProtocolSigned,1997,happened_in
evt_FANPEstablished,1997,happened_in
evt_ElNinoShrimpIncrease,1998,happened_in
evt_USMortgageInflux,1999,happened_in
evt_MexFinDeregulation,1999,happened_in
evt_FAOShrimpBycatchWS,2000,happened_in
evt_CONANPEstablished,2000,happened_in
evt_SpectraNetUse,2000,happened_in
evt_VaqPopDecline90s,2000,happened_in
evt_BalandraConflict,2000,happened_in
evt_SEMARNATReorgLGEEPA,2000,happened_in
evt_EspSantoMPAFail,2000,happened_in
evt_LosCabosTurtleProg,2000,happened_in
evt_MexSubsidiesEnd,2000,happened_in
evt_CaboLaPazDevBoom,2000,happened_in
evt_FAO_ReykDec,2001,happened_in
evt_CO_Urban,2001,happened_in
evt_SO_Disappear,2001,happened_in
evt_WSSD_Fish,2002,happened_in
evt_NRC_FishWshop,2002,happened_in
evt_CTDMO_EnvSci,2002,happened_in
evt_ENP_Start,2003,happened_in
evt_AlCosta_ENP,2003,happened_in
evt_SEMARNAT_Oasis,2003,happened_in
evt_INAPESCA_WWF_Suri,2004,happened_in
evt_ENP_FundImpl,2005,happened_in
evt_GoC_UNESCO,2005,happened_in
evt_Watton_GoC_Disc,2005,happened_in
evt_GoC_SardineMax,2006,happened_in
evt_SNIEG_Const,2006,happened_in
evt_GoC_MEZP_Impl,2006,happened_in
evt_BCS_WaterRed,2006,happened_in
evt_SDV_Irrig,2006,happened_in
evt_RIDISOS_Form,2006,happened_in
evt_ENP_Emerges,2006,happened_in
evt_PROFEPA_RHPTM,2006,happened_in
evt_WFF_GoC_Env,2006,happened_in
evt_GlobalCrisis_Start,2007,happened_in
evt_CIMARES_Created,2008,happened_in
evt_CPNP_AuthEst,2008,happened_in
evt_GFC_ENP_Disapp,2008,happened_in
evt_WWF_FCS_Alliance,2009,happened_in
evt_COBI_SensorNet,2009,happened_in
evt_VaquitaFriendly_Cert,2010,happened_in
evt_OECD_BLI,2010,happened_in
evt_VMS_IndFish,2010,happened_in
evt_WFF_MexicoGrants,2010,happened_in
evt_EDF_ShrimpExit,2010,happened_in
evt_LC_LandConflict,2010,happened_in
evt_LC_OrchardDecline,2010,happened_in
evt_BCS_PopCensus,2010,happened_in
evt_WFF_SustSeafood,2010,happened_in
evt_WFF_Smartfish,2010,happened_in
evt_WFF_FishCommCap,2010,happened_in
evt_ITFE,2013,happened_in
evt_MGIC,2015,happened_in
evt_ITDNSM,2015,happened_in
evt_USMGBCV,2016,happened_in
evt_GNRPL,2016,happened_in
evt_CMUSTMTT,2017,happened_in
evt_PAGCWHID,2019,happened_in
evt_CIFGNS,2019,happened_in
evt_DMLPNY,2011,happened_in
evt_EGCLDF,2011,happened_in
evt_BPEPC,2012,happened_in
evt_UNDOSSD,2017,happened_in
evt_HLPSOE,2018,happened_in
evt_PROBLUE,2018,happened_in
evt_COIL,2018,happened_in
evt_HOBCS,2014,happened_in
evt_ASAESD,2015,happened_in
evt_CPMWMB,2019,happened_in
evt_MRSBCS,2019,happened_in
evt_CWAI,2019,happened_in
evt_EDFRC,2012,happened_in
evt_ICPSEA,2014,happened_in
evt_OCITFP,2015,happened_in
evt_MGDFSF,2019,happened_in
evt_CPCSM,2019,happened_in
evt_SAGARPAGCF,2012,happened_in
evt_PLIMSC,2013,happened_in
evt_SAILCLFL,2016,happened_in
evt_PAMSLC,2012,happened_in
evt_CONANPEES,2013,happened_in
evt_APCSUTMB,2013,happened_in
evt_PANGASIPO,2015,happened_in
evt_ALCOSTAPO,2018,happened_in
evt_CSSDIP,2018,happened_in
evt_BIOMARP,2018,happened_in
evt_PPCSOM,2018,happened_in
evt_GPETBCP,2014,happened_in
evt_CTSRRD,2015,happened_in
evt_BWSTSEP,2016,happened_in
evt_GTCSFBTM,2012,happened_in
evt_ASAPIS,2014,happened_in
evt_HOSTRVS,2015,happened_in
evt_CRDDR,TO.01,part_of
evt_CRDDR,TO.07,part_of
evt_CRDDR,TO.08,part_of
evt_CRDDR,TO.15,part_of
evt_GTFP,TO.08,part_of
evt_GTFP,TO.11,part_of
evt_GTFP,TO.15,part_of
evt_IUCNTE,TO.07,part_of
evt_IUCNTE,TO.08,part_of
evt_GCIFPS,TO.01,part_of
evt_GCIFPS,TO.07,part_of
evt_GCIFPS,TO.08,part_of
evt_GCIFPS,TO.15,part_of
evt_SFTFB,TO.01,part_of
evt_SFTFB,TO.08,part_of
evt_SFTFB,TO.11,part_of
evt_SFTFB,TO.15,part_of
evt_FGBIC,TO.02,part_of
evt_FGBIC,TO.08,part_of
evt_FGBIC,TO.16,part_of
evt_CTEVDNPA,TO.01,part_of
evt_CTEVDNPA,TO.07,part_of
evt_CTEVDNPA,TO.08,part_of
evt_CTEVDNPA,TO.15,part_of
evt_CRIPBRTC,TO.02,part_of
evt_CRIPBRTC,TO.16,part_of
evt_IUCNLVQ,TO.07,part_of
evt_IUCNLVQ,TO.08,part_of
evt_SKBRWHS,TO.01,part_of
evt_SKBRWHS,TO.07,part_of
evt_SKBRWHS,TO.08,part_of
evt_SKBRWHS,TO.15,part_of
evt_CPNPEBUI,TO.01,part_of
evt_CPNPEBUI,TO.03,part_of
evt_CPNPEBUI,TO.07,part_of
evt_CPNPEBUI,TO.08,part_of
evt_CPNPEBUI,TO.15,part_of
evt_MTBSMXW,TO.01,part_of
evt_MTBSMXW,TO.07,part_of
evt_MTBSMXW,TO.08,part_of
evt_MTBSMXW,TO.15,part_of
evt_FGFMCE,TO.03,part_of
evt_FGFMCE,TO.07,part_of
evt_GNTotoabaProhib,TO.01,part_of
evt_GNTotoabaProhib,TO.08,part_of
evt_GNTotoabaProhib,TO.11,part_of
evt_GNTotoabaProhib,TO.15,part_of
evt_UNFCCCFormed,TO.03,part_of
evt_UNFCCCFormed,TO.07,part_of
evt_UNFCCCFormed,TO.08,part_of
evt_UNFCCCFormed,TO.15,part_of
evt_UNCEDRio,TO.03,part_of
evt_UNCEDRio,TO.07,part_of
evt_UNCEDRio,TO.08,part_of
evt_UNCEDRio,TO.12,part_of
evt_VaqStatusChange,TO.07,part_of
evt_VaqStatusChange,TO.08,part_of
evt_VaqStatusChange,TO.12,part_of
evt_AGCBioResDecreed,TO.01,part_of
evt_AGCBioResDecreed,TO.07,part_of
evt_AGCBioResDecreed,TO.08,part_of
evt_AGCBioResDecreed,TO.15,part_of
evt_VaqProtectedList,TO.01,part_of
evt_VaqProtectedList,TO.07,part_of
evt_VaqProtectedList,TO.08,part_of
evt_VaqProtectedList,TO.15,part_of
evt_FMCNCreated,TO.03,part_of
evt_FMCNCreated,TO.07,part_of
evt_FMCNCreated,TO.08,part_of
evt_AGCBioResMngProg,TO.02,part_of
evt_AGCBioResMngProg,TO.07,part_of
evt_AGCBioResMngProg,TO.08,part_of
evt_AGCBioResMngProg,TO.16,part_of
evt_CaboPulmoPark,TO.01,part_of
evt_CaboPulmoPark,TO.08,part_of
evt_CaboPulmoPark,TO.15,part_of
evt_GSCOperations,TO.02,part_of
evt_NCNPACreated,TO.03,part_of
evt_NCNPACreated,TO.07,part_of
evt_NCNPACreated,TO.08,part_of
evt_TEDsMandate,TO.01,part_of
evt_TEDsMandate,TO.08,part_of
evt_TEDsMandate,TO.15,part_of
evt_KyotoProtocolSigned,TO.03,part_of
evt_KyotoProtocolSigned,TO.08,part_of
evt_KyotoProtocolSigned,TO.15,part_of
evt_FANPEstablished,TO.01,part_of
evt_FANPEstablished,TO.07,part_of
evt_FANPEstablished,TO.08,part_of
evt_MexFinDeregulation,TO.11,part_of
evt_FAOShrimpBycatchWS,TO.02,part_of
evt_FAOShrimpBycatchWS,TO.03,part_of
evt_CONANPEstablished,TO.03,part_of
evt_CONANPEstablished,TO.07,part_of
evt_CONANPEstablished,TO.08,part_of
evt_SpectraNetUse,TO.02,part_of
evt_SpectraNetUse,TO.05,part_of
evt_SpectraNetUse,TO.06,part_of
evt_SEMARNATReorgLGEEPA,TO.07,part_of
evt_SEMARNATReorgLGEEPA,TO.08,part_of
evt_SEMARNATReorgLGEEPA,TO.15,part_of
evt_EspSantoMPAFail,TO.02,part_of
evt_LosCabosTurtleProg,TO.01,part_of
evt_LosCabosTurtleProg,TO.02,part_of
evt_LosCabosTurtleProg,TO.08,part_of
evt_MexSubsidiesEnd,TO.11,part_of
evt_FAO_ReykDec,TO.03,part_of
evt_FAO_ReykDec,TO.08,part_of
evt_FAO_ReykDec,TO.15,part_of
evt_WSSD_Fish,TO.02,part_of
evt_WSSD_Fish,TO.03,part_of
evt_WSSD_Fish,TO.12,part_of
evt_WSSD_Fish,TO.15,part_of
evt_NRC_FishWshop,TO.02,part_of
evt_NRC_FishWshop,TO.03,part_of
evt_CTDMO_EnvSci,TO.02,part_of
evt_CTDMO_EnvSci,TO.07,part_of
evt_CTDMO_EnvSci,TO.08,part_of
evt_ENP_Start,TO.05,part_of
evt_ENP_Start,TO.08,part_of
evt_AlCosta_ENP,TO.02,part_of
evt_AlCosta_ENP,TO.03,part_of
evt_AlCosta_ENP,TO.14,part_of
evt_SEMARNAT_Oasis,TO.02,part_of
evt_SEMARNAT_Oasis,TO.14,part_of
evt_INAPESCA_WWF_Suri,TO.01,part_of
evt_INAPESCA_WWF_Suri,TO.02,part_of
evt_INAPESCA_WWF_Suri,TO.03,part_of
evt_INAPESCA_WWF_Suri,TO.09,part_of
evt_ENP_FundImpl,TO.05,part_of
evt_ENP_FundImpl,TO.07,part_of
evt_ENP_FundImpl,TO.08,part_of
evt_GoC_UNESCO,TO.01,part_of
evt_GoC_UNESCO,TO.08,part_of
evt_GoC_UNESCO,TO.07,part_of
evt_GoC_UNESCO,TO.15,part_of
evt_Watton_GoC_Disc,TO.01,part_of
evt_SNIEG_Const,TO.08,part_of
evt_SNIEG_Const,TO.07,part_of
evt_GoC_MEZP_Impl,TO.08,part_of
evt_GoC_MEZP_Impl,TO.15,part_of
evt_GoC_MEZP_Impl,TO.01,part_of
evt_BCS_WaterRed,TO.15,part_of
evt_BCS_WaterRed,TO.08,part_of
evt_RIDISOS_Form,TO.03,part_of
evt_RIDISOS_Form,TO.02,part_of
evt_PROFEPA_RHPTM,TO.08,part_of
evt_PROFEPA_RHPTM,TO.03,part_of
evt_WFF_GoC_Env,TO.01,part_of
evt_CIMARES_Created,TO.08,part_of
evt_CIMARES_Created,TO.03,part_of
evt_CIMARES_Created,TO.07,part_of
evt_CPNP_AuthEst,TO.08,part_of
evt_CPNP_AuthEst,TO.01,part_of
evt_CPNP_AuthEst,TO.07,part_of
evt_WWF_FCS_Alliance,TO.03,part_of
evt_WWF_FCS_Alliance,TO.07,part_of
evt_COBI_SensorNet,TO.02,part_of
evt_VaquitaFriendly_Cert,TO.08,part_of
evt_VaquitaFriendly_Cert,TO.05,part_of
evt_VaquitaFriendly_Cert,TO.01,part_of
evt_VaquitaFriendly_Cert,TO.15,part_of
evt_OECD_BLI,TO.02,part_of
evt_OECD_BLI,TO.08,part_of
evt_VMS_IndFish,TO.08,part_of
evt_VMS_IndFish,TO.02,part_of
evt_VMS_IndFish,TO.15,part_of
evt_BCS_PopCensus,TO.02,part_of
evt_WFF_SustSeafood,TO.05,part_of
evt_WFF_SustSeafood,TO.01,part_of
evt_WFF_Smartfish,TO.02,part_of
evt_WFF_Smartfish,TO.05,part_of
evt_WFF_Smartfish,TO.13,part_of
evt_WFF_FishCommCap,TO.02,part_of
evt_WFF_FishCommCap,TO.16,part_of
evt_MGIC,TO.01,part_of
evt_MGIC,TO.08,part_of
evt_MGIC,TO.13,part_of
evt_MGIC,TO.15,part_of
evt_MGIC,TO.16,part_of
evt_MGIC,TO.02,part_of
evt_MGIC,TO.07,part_of
evt_ITDNSM,TO.07,part_of
evt_ITDNSM,TO.08,part_of
evt_ITDNSM,TO.15,part_of
evt_USMGBCV,TO.03,part_of
evt_USMGBCV,TO.04,part_of
evt_USMGBCV,TO.07,part_of
evt_USMGBCV,TO.08,part_of
evt_USMGBCV,TO.16,part_of
evt_GNRPL,TO.01,part_of
evt_GNRPL,TO.03,part_of
evt_GNRPL,TO.07,part_of
evt_CMUSTMTT,TO.03,part_of
evt_CMUSTMTT,TO.07,part_of
evt_CMUSTMTT,TO.08,part_of
evt_PAGCWHID,TO.09,part_of
evt_PAGCWHID,TO.12,part_of
evt_PAGCWHID,TO.15,part_of
evt_CIFGNS,TO.11,part_of
evt_CIFGNS,TO.14,part_of
evt_CIFGNS,TO.16,part_of
evt_DMLPNY,TO.09,part_of
evt_DMLPNY,TO.15,part_of
evt_EGCLDF,TO.05,part_of
evt_EGCLDF,TO.06,part_of
evt_EGCLDF,TO.16,part_of
evt_BPEPC,TO.01,part_of
evt_BPEPC,TO.02,part_of
evt_BPEPC,TO.07,part_of
evt_BPEPC,TO.08,part_of
evt_BPEPC,TO.15,part_of
evt_UNDOSSD,TO.02,part_of
evt_UNDOSSD,TO.03,part_of
evt_UNDOSSD,TO.07,part_of
evt_UNDOSSD,TO.08,part_of
evt_UNDOSSD,TO.15,part_of
evt_HLPSOE,TO.03,part_of
evt_HLPSOE,TO.07,part_of
evt_HLPSOE,TO.08,part_of
evt_HLPSOE,TO.16,part_of
evt_PROBLUE,TO.03,part_of
evt_PROBLUE,TO.07,part_of
evt_PROBLUE,TO.08,part_of
evt_PROBLUE,TO.16,part_of
evt_COIL,TO.01,part_of
evt_COIL,TO.03,part_of
evt_COIL,TO.07,part_of
evt_COIL,TO.08,part_of
evt_COIL,TO.15,part_of
evt_HOBCS,TO.09,part_of
evt_HOBCS,TO.16,part_of
evt_ASAESD,TO.04,part_of
evt_ASAESD,TO.09,part_of
evt_ASAESD,TO.10,part_of
evt_CPMWMB,TO.14,part_of
evt_CPMWMB,TO.16,part_of
evt_MRSBCS,TO.14,part_of
evt_MRSBCS,TO.16,part_of
evt_CWAI,TO.09,part_of
evt_CWAI,TO.15,part_of
evt_CWAI,TO.16,part_of
evt_EDFRC,TO.02,part_of
evt_EDFRC,TO.03,part_of
evt_EDFRC,TO.09,part_of
evt_EDFRC,TO.12,part_of
evt_ICPSEA,TO.03,part_of
evt_ICPSEA,TO.07,part_of
evt_ICPSEA,TO.08,part_of
evt_OCITFP,TO.11,part_of
evt_OCITFP,TO.14,part_of
evt_OCITFP,TO.16,part_of
evt_MGDFSF,TO.09,part_of
evt_MGDFSF,TO.11,part_of
evt_MGDFSF,TO.13,part_of
evt_CPCSM,TO.14,part_of
evt_CPCSM,TO.16,part_of
evt_SAGARPAGCF,TO.01,part_of
evt_SAGARPAGCF,TO.02,part_of
evt_SAGARPAGCF,TO.08,part_of
evt_SAGARPAGCF,TO.15,part_of
evt_PLIMSC,TO.01,part_of
evt_PLIMSC,TO.05,part_of
evt_PLIMSC,TO.06,part_of
evt_PLIMSC,TO.07,part_of
evt_PLIMSC,TO.08,part_of
evt_SAILCLFL,TO.01,part_of
evt_SAILCLFL,TO.08,part_of
evt_SAILCLFL,TO.15,part_of
evt_PAMSLC,TO.03,part_of
evt_PAMSLC,TO.12,part_of
evt_PAMSLC,TO.15,part_of
evt_PAMSLC,TO.16,part_of
evt_CONANPEES,TO.01,part_of
evt_CONANPEES,TO.02,part_of
evt_CONANPEES,TO.16,part_of
evt_APCSUTMB,TO.01,part_of
evt_APCSUTMB,TO.02,part_of
evt_APCSUTMB,TO.07,part_of
evt_APCSUTMB,TO.08,part_of
evt_APCSUTMB,TO.15,part_of
evt_PANGASIPO,TO.02,part_of
evt_PANGASIPO,TO.03,part_of
evt_PANGASIPO,TO.07,part_of
evt_PANGASIPO,TO.08,part_of
evt_ALCOSTAPO,TO.03,part_of
evt_ALCOSTAPO,TO.07,part_of
evt_ALCOSTAPO,TO.08,part_of
evt_CSSDIP,TO.02,part_of
evt_CSSDIP,TO.03,part_of
evt_CSSDIP,TO.07,part_of
evt_CSSDIP,TO.08,part_of
evt_CSSDIP,TO.13,part_of
evt_CSSDIP,TO.16,part_of
evt_BIOMARP,TO.02,part_of
evt_BIOMARP,TO.03,part_of
evt_BIOMARP,TO.16,part_of
evt_PPCSOM,TO.02,part_of
evt_PPCSOM,TO.03,part_of
evt_PPCSOM,TO.16,part_of
evt_GPETBCP,TO.12,part_of
evt_CTSRRD,TO.11,part_of
evt_CTSRRD,TO.12,part_of
evt_CTSRRD,TO.15,part_of
evt_BWSTSEP,TO.11,part_of
evt_BWSTSEP,TO.12,part_of
evt_BWSTSEP,TO.15,part_of
evt_GTCSFBTM,TO.09,part_of
evt_GTCSFBTM,TO.14,part_of
evt_ASAPIS,TO.03,part_of
evt_ASAPIS,TO.16,part_of
evt_HOSTRVS,TO.02,part_of
evt_HOSTRVS,TO.09,part_of
evt_HOSTRVS,TO.16,part_of
evt_CRDDR,niche_MPAFCI,related_to
evt_CRDDR,niche_BC_GA,related_to
evt_GTFP,niche_BC_GA,related_to
evt_GTFP,niche_EBFMA,related_to
evt_IUCNTE,niche_BC_GA,related_to
evt_IUCNTE,niche_STS_CDPP,related_to
evt_GCDF,niche_CLEMWS,related_to
evt_GCDF,niche_ERC,related_to
evt_TSFI,niche_SLITT,related_to
evt_TSFI,niche_EBFMA,related_to
evt_GCIFPS,niche_MPAFCI,related_to
evt_GCIFPS,niche_BC_GA,related_to
evt_SFTFB,niche_BC_GA,related_to
evt_SFTFB,niche_EBFMA,related_to
evt_SFTFB,niche_SBSFMRA,related_to
evt_FGBIC,niche_EBFMA,related_to
evt_CTEVDNPA,niche_MPAFCI,related_to
evt_CTEVDNPA,niche_BC_GA,related_to
evt_CRIPBRTC,niche_STS_CDPP,related_to
evt_CRIPBRTC,niche_BC_GA,related_to
evt_IUCNLVQ,niche_BC_GA,related_to
evt_IUCNLVQ,niche_STS_CDPP,related_to
evt_IHHNVMX,niche_STS_CDPP,related_to
evt_IHHNVMX,niche_ACFRP,related_to
evt_SKBRWHS,niche_MPAFCI,related_to
evt_SKBRWHS,niche_BC_GA,related_to
evt_FMRFSD,niche_ICPAP,related_to
evt_FMRFSD,niche_SOE,related_to
evt_FMRFSD,niche_REA,related_to
evt_FMRFSD,niche_CDWBCS,related_to
evt_CRDFR,niche_CLEMWS,related_to
evt_CRDFR,niche_ERC,related_to
evt_SCSFLII,niche_STS_CDPP,related_to
evt_SCSFLII,niche_ACFRP,related_to
evt_SCSFLII,niche_ASA_ORG_PROG,related_to
evt_LSCAFD,niche_EBFMA,related_to
evt_LSCAFD,niche_SBSFMRA,related_to
evt_LSCAFD,niche_SOE,related_to
evt_LSCAFD,niche_BC_GA,related_to
evt_OWBCSS,niche_CLEMWS,related_to
evt_OWBCSS,niche_ITA_WR,related_to
evt_OWBCSS,niche_ARALP,related_to
evt_CPNPEBUI,niche_MPAFCI,related_to
evt_CPNPEBUI,niche_CBFMNFZ,related_to
evt_CPNPEBUI,niche_BC_GA,related_to
evt_CPNPEBUI,niche_TEKCCI,related_to
evt_MTBSMXW,niche_BC_GA,related_to
evt_MTBSMXW,niche_EBFMA,related_to
evt_PRPCFC,niche_CBFMNFZ,related_to
evt_PRPCFC,niche_CBTSSSF,related_to
evt_FGFMCE,niche_PF,related_to
evt_FGFMCE,niche_BC_GA,related_to
evt_GNTotoabaProhib,niche_MPAFCI,related_to
evt_GNTotoabaProhib,niche_CBFMNFZ,related_to
evt_GNTotoabaProhib,niche_BC_GA,related_to
evt_GNTotoabaProhib,niche_EBFMA,related_to
evt_UNFCCCFormed,niche_SOE,related_to
evt_UNFCCCFormed,niche_HWNCF,related_to
evt_UNFCCCFormed,niche_ACFRP,related_to
evt_UNCEDRio,niche_SOE,related_to
evt_UNCEDRio,niche_HWNCF,related_to
evt_UNCEDRio,niche_BC_GA,related_to
evt_VaqStatusChange,niche_BC_GA,related_to
evt_VaqStatusChange,niche_STS_CDPP,related_to
evt_VaqStatusChange,niche_EDFAAF,related_to
evt_AGCBioResDecreed,niche_MPAFCI,related_to
evt_AGCBioResDecreed,niche_BC_GA,related_to
evt_AGCBioResDecreed,niche_MESPPGC,related_to
evt_VaqProtectedList,niche_BC_GA,related_to
evt_VaqProtectedList,niche_EBFMA,related_to
evt_VaqProtectedList,niche_STS_CDPP,related_to
evt_FMCNCreated,niche_PF,related_to
evt_FMCNCreated,niche_BC_GA,related_to
evt_FMCNCreated,niche_RLNGO,related_to
evt_AGCBioResMngProg,niche_MPAFCI,related_to
evt_AGCBioResMngProg,niche_BC_GA,related_to
evt_AGCBioResMngProg,niche_MESPPGC,related_to
evt_AGCBioResMngProg,niche_EBFMA,related_to
evt_CaboPulmoPark,niche_MPAFCI,related_to
evt_CaboPulmoPark,niche_BC_GA,related_to
evt_CaboPulmoPark,niche_EINGO,related_to
evt_CaboPulmoPark,niche_RLNGO,related_to
evt_GSCOperations,niche_PFPEP,related_to
evt_GSCOperations,niche_EINGO,related_to
evt_GSCOperations,niche_RLNGO,related_to
evt_NCNPACreated,niche_BC_GA,related_to
evt_NCNPACreated,niche_MPAFCI,related_to
evt_TEDsMandate,niche_SLITT,related_to
evt_TEDsMandate,niche_NGOSFIS,related_to
evt_FANPEstablished,niche_PF,related_to
evt_FANPEstablished,niche_BF_CF,related_to
evt_FANPEstablished,niche_MPAFCI,related_to
evt_USMortgageInflux,niche_ATDM,related_to
evt_USMortgageInflux,niche_CLTFHA,related_to
evt_FAOShrimpBycatchWS,niche_SLITT,related_to
evt_FAOShrimpBycatchWS,niche_SBSFMRA,related_to
evt_FAOShrimpBycatchWS,niche_EBFMA,related_to
evt_FAOShrimpBycatchWS,niche_BUFFS,related_to
evt_FAOShrimpBycatchWS,niche_NGOSFIS,related_to
evt_CONANPEstablished,niche_BC_GA,related_to
evt_CONANPEstablished,niche_MPAFCI,related_to
evt_SpectraNetUse,niche_SLITT,related_to
evt_SpectraNetUse,niche_SPA,related_to
evt_VaqPopDecline90s,niche_BC_GA,related_to
evt_VaqPopDecline90s,niche_EBFMA,related_to
evt_VaqPopDecline90s,niche_EDFAAF,related_to
evt_BalandraConflict,niche_ATDM,related_to
evt_SEMARNATReorgLGEEPA,niche_EMU_UGAS_LVW,related_to
evt_SEMARNATReorgLGEEPA,niche_MESPPGC,related_to
evt_EspSantoMPAFail,niche_MPAFCI,related_to
evt_EspSantoMPAFail,niche_BC_GA,related_to
evt_EspSantoMPAFail,niche_ATDM,related_to
evt_LosCabosTurtleProg,niche_BC_GA,related_to
evt_LosCabosTurtleProg,niche_PFPEP,related_to
evt_LosCabosTurtleProg,niche_RLNGO,related_to
evt_MexSubsidiesEnd,niche_ALFC,related_to
evt_CaboLaPazDevBoom,niche_ATDM,related_to
evt_CaboLaPazDevBoom,niche_CLTFHA,related_to
evt_CaboLaPazDevBoom,niche_AEVTOS,related_to
evt_CaboLaPazDevBoom,niche_REA,related_to
evt_FAO_ReykDec,niche_SBSFMRA,related_to
evt_FAO_ReykDec,niche_EBFMA,related_to
evt_FAO_ReykDec,niche_SOE,related_to
evt_CO_Urban,niche_CLTFHA,related_to
evt_CO_Urban,niche_HOISRP,related_to
evt_CO_Urban,niche_CLEMWS,related_to
evt_CO_Urban,niche_ITA_WR,related_to
evt_CO_Urban,niche_ATDM,related_to
evt_SO_Disappear,niche_HOISRP,related_to
evt_SO_Disappear,niche_ERC,related_to
evt_SO_Disappear,niche_CLEMWS,related_to
evt_SO_Disappear,niche_ITA_WR,related_to
evt_WSSD_Fish,niche_EBFMA,related_to
evt_WSSD_Fish,niche_SOE,related_to
evt_NRC_FishWshop,niche_EBFMA,related_to
evt_NRC_FishWshop,niche_SBSFMRA,related_to
evt_NRC_FishWshop,niche_NGOSFIS,related_to
evt_CTDMO_EnvSci,niche_YCB_DLP,related_to
evt_CTDMO_EnvSci,niche_CBELI,related_to
evt_ENP_Start,niche_AA,related_to
evt_ENP_Start,niche_ATDM,related_to
evt_AlCosta_ENP,niche_AA,related_to
evt_AlCosta_ENP,niche_NFCCSO,related_to
evt_SEMARNAT_Oasis,niche_STS_CDPP,related_to
evt_SEMARNAT_Oasis,niche_ITA_WR,related_to
evt_SEMARNAT_Oasis,niche_HOISRP,related_to
evt_SEMARNAT_Oasis,niche_ERC,related_to
evt_INAPESCA_WWF_Suri,niche_SLITT,related_to
evt_INAPESCA_WWF_Suri,niche_SPA,related_to
evt_INAPESCA_WWF_Suri,niche_NGOSFIS,related_to
evt_ENP_FundImpl,niche_AA,related_to
evt_ENP_FundImpl,niche_ATDM,related_to
evt_GoC_UNESCO,niche_BC_GA,related_to
evt_GoC_UNESCO,niche_MPAFCI,related_to
evt_Watton_GoC_Disc,niche_BC_GA,related_to
evt_SNIEG_Const,niche_STS_CDPP,related_to
evt_GoC_MEZP_Impl,niche_MESPPGC,related_to
evt_BCS_WaterRed,niche_CLEMWS,related_to
evt_RIDISOS_Form,niche_STS_CDPP,related_to
evt_RIDISOS_Form,niche_ITA_WR,related_to
evt_PROFEPA_RHPTM,niche_CSOGSR,related_to
evt_WFF_GoC_Env,niche_PF,related_to
evt_WFF_GoC_Env,niche_BC_GA,related_to
evt_CIMARES_Created,niche_SOE,related_to
evt_CIMARES_Created,niche_MCMEP,related_to
evt_CPNP_AuthEst,niche_MPAFCI,related_to
evt_WWF_FCS_Alliance,niche_PF,related_to
evt_WWF_FCS_Alliance,niche_NFCCSO,related_to
evt_COBI_SensorNet,niche_SBSFMRA,related_to
evt_COBI_SensorNet,niche_OHITGB,related_to
evt_VaquitaFriendly_Cert,niche_SFC,related_to
evt_VaquitaFriendly_Cert,niche_NGOSFIS,related_to
evt_OECD_BLI,niche_HWNCF,related_to
evt_VMS_IndFish,niche_SBSFMRA,related_to
evt_VMS_IndFish,niche_NGOSFIS,related_to
evt_WFF_MexicoGrants,niche_PF,related_to
evt_EDF_ShrimpExit,niche_EDFAAF,related_to
evt_BCS_PopCensus,niche_STS_CDPP,related_to
evt_WFF_SustSeafood,niche_SFC,related_to
evt_WFF_SustSeafood,niche_SOE,related_to
evt_WFF_SustSeafood,niche_NGOSFIS,related_to
evt_WFF_Smartfish,niche_SFVRM,related_to
evt_WFF_Smartfish,niche_CBTSSSF,related_to
evt_WFF_Smartfish,niche_NGOSFIS,related_to
evt_WFF_FishCommCap,niche_CBTSSSF,related_to
evt_WFF_FishCommCap,niche_NGOSFIS,related_to
evt_MGIC,niche_SPA,related_to
evt_MGIC,niche_MPAFCI,related_to
evt_MGIC,niche_EBFMA,related_to
evt_ITDNSM,niche_BC_GA,related_to
evt_USMGBCV,niche_BC_GA,related_to
evt_GNRPL,niche_PFPEP,related_to
evt_GNRPL,niche_OHP,related_to
evt_GNRPL,niche_BC_GA,related_to
evt_GNRPL,niche_ERC,related_to
evt_CMUSTMTT,niche_OHP,related_to
evt_CMUSTMTT,niche_SOE,related_to
evt_CMUSTMTT,niche_BC_GA,related_to
evt_PAGCWHID,niche_BC_GA,related_to
evt_BPEPC,niche_SBSFMRA,related_to
evt_BPEPC,niche_EBFMA,related_to
evt_BPEPC,niche_BC_GA,related_to
evt_UNDOSSD,niche_SOE,related_to
evt_UNDOSSD,niche_OHP,related_to
evt_UNDOSSD,niche_GOCP,related_to
evt_HLPSOE,niche_SOE,related_to
evt_HLPSOE,niche_OHP,related_to
evt_PROBLUE,niche_SOE,related_to
evt_PROBLUE,niche_OHP,related_to
evt_PROBLUE,niche_BF_CF,related_to
evt_COIL,niche_OHP,related_to
evt_COIL,niche_BF_CF,related_to
evt_ASAESD,niche_FSA,related_to
evt_ASAESD,niche_ASA_ORG_PROG,related_to
evt_EDFRC,niche_EDFAAF,related_to
evt_EDFRC,niche_ICPAP,related_to
evt_EDFRC,niche_OHP,related_to
evt_EDFRC,niche_NFCCSO,related_to
evt_EDFRC,niche_CMCASFP,related_to
evt_ICPSEA,niche_ICPAP,related_to
evt_ICPSEA,niche_OHP,related_to
evt_ICPSEA,niche_NFCCSO,related_to
evt_SAGARPAGCF,niche_SBSFMRA,related_to
evt_SAGARPAGCF,niche_EBFMA,related_to
evt_SAGARPAGCF,niche_NGOSFIS,related_to
evt_PLIMSC,niche_SFC,related_to
evt_PLIMSC,niche_NGOSFIS,related_to
evt_SAILCLFL,niche_SBSFMRA,related_to
evt_SAILCLFL,niche_EBFMA,related_to
evt_PAMSLC,niche_AMM,related_to
evt_PAMSLC,niche_NFCCSO,related_to
evt_PAMSLC,niche_CSOGSR,related_to
evt_PAMSLC,niche_CLEMWS,related_to
evt_CONANPEES,niche_STS_CDPP,related_to
evt_CONANPEES,niche_BC_GA,related_to
evt_APCSUTMB,niche_BC_GA,related_to
evt_APCSUTMB,niche_SOE,related_to
evt_APCSUTMB,niche_OHP,related_to
evt_APCSUTMB,niche_MESPPGC,related_to
evt_APCSUTMB,niche_EBFMA,related_to
evt_PANGASIPO,niche_EBFMA,related_to
evt_PANGASIPO,niche_SBSFMRA,related_to
evt_PANGASIPO,niche_STS_CDPP,related_to
evt_PANGASIPO,niche_CBTSSSF,related_to
evt_ALCOSTAPO,niche_AA,related_to
evt_ALCOSTAPO,niche_NFCCSO,related_to
evt_CSSDIP,niche_MESPPGC,related_to
evt_CSSDIP,niche_BC_GA,related_to
evt_CSSDIP,niche_MPAFCI,related_to
evt_BIOMARP,niche_BC_GA,related_to
evt_BIOMARP,niche_MPAFCI,related_to
evt_PPCSOM,niche_LCE_TP,related_to
evt_PPCSOM,niche_CBTSSSF,related_to
evt_PPCSOM,niche_NFCCSO,related_to
evt_GPETBCP,niche_HOISRP,related_to
evt_CTSRRD,niche_ATDM,related_to
evt_BWSTSEP,niche_ATDM,related_to
evt_GTCSFBTM,niche_EBFMA,related_to
evt_GTCSFBTM,niche_SBSFMRA,related_to
evt_GTCSFBTM,niche_EDFAAF,related_to
evt_ASAPIS,niche_ASA_ORG_PROG,related_to
evt_ASAPIS,niche_FSA,related_to
evt_HOSTRVS,niche_BCSCA,related_to
evt_HOSTRVS,niche_ACFRP,related_to
evt_CRDDR,evt_AGCBioResDecreed,connected_to
evt_CRDDR,evt_AGCBioResMngProg,connected_to
evt_CRDDR,evt_CRDFR,connected_to
evt_CRDDR,evt_GCDF,connected_to
evt_GTFP,evt_GNTotoabaProhib,connected_to
evt_GTFP,evt_IUCNTE,connected_to
evt_GTFP,evt_VaqProtectedList,connected_to
evt_GTFP,evt_IUCNLVQ,connected_to
evt_GTFP,evt_VaqStatusChange,connected_to
evt_IUCNTE,evt_GTFP,connected_to
evt_IUCNTE,evt_GNTotoabaProhib,connected_to
evt_IUCNTE,evt_VaqProtectedList,connected_to
evt_IUCNTE,evt_IUCNLVQ,connected_to
evt_IUCNTE,evt_VaqStatusChange,connected_to
evt_GCDF,evt_CRDFR,connected_to
evt_GCDF,evt_CRDDR,connected_to
evt_GCDF,evt_AGCBioResDecreed,connected_to
evt_GCDF,evt_AGCBioResMngProg,connected_to
evt_TSFI,evt_LSCAFD,connected_to
evt_TSFI,evt_IHHNVMX,connected_to
evt_TSFI,evt_SCSFLII,connected_to
evt_GCIFPS,evt_AGCBioResDecreed,connected_to
evt_GCIFPS,evt_AGCBioResMngProg,connected_to
evt_GCIFPS,evt_CPNPEBUI,connected_to
evt_GCIFPS,evt_CTEVDNPA,connected_to
evt_GCIFPS,evt_SKBRWHS,connected_to
evt_SFTFB,evt_FGBIC,connected_to
evt_SFTFB,evt_GTFP,connected_to
evt_SFTFB,evt_MTBSMXW,connected_to
evt_FGBIC,evt_SFTFB,connected_to
evt_CTEVDNPA,evt_MTBSMXW,connected_to
evt_CTEVDNPA,evt_GCIFPS,connected_to
evt_CTEVDNPA,evt_SKBRWHS,connected_to
evt_CTEVDNPA,evt_CPNPEBUI,connected_to
evt_CTEVDNPA,evt_AGCBioResDecreed,connected_to
evt_CRIPBRTC,evt_FGFMCE,connected_to
evt_CRIPBRTC,evt_FMCNCreated,connected_to
evt_IUCNLVQ,evt_VaqStatusChange,connected_to
evt_IUCNLVQ,evt_VaqProtectedList,connected_to
evt_IUCNLVQ,evt_GTFP,connected_to
evt_IUCNLVQ,evt_GNTotoabaProhib,connected_to
evt_IUCNLVQ,evt_IUCNTE,connected_to
evt_IHHNVMX,evt_SCSFLII,connected_to
evt_IHHNVMX,evt_LSCAFD,connected_to
evt_SKBRWHS,evt_GCIFPS,connected_to
evt_SKBRWHS,evt_CTEVDNPA,connected_to
evt_SKBRWHS,evt_CPNPEBUI,connected_to
evt_SKBRWHS,evt_AGCBioResDecreed,connected_to
evt_FMRFSD,evt_LSCAFD,connected_to
evt_FMRFSD,evt_PRPCFC,connected_to
evt_CRDFR,evt_GCDF,connected_to
evt_CRDFR,evt_CRDDR,connected_to
evt_CRDFR,evt_AGCBioResDecreed,connected_to
evt_CRDFR,evt_AGCBioResMngProg,connected_to
evt_SCSFLII,evt_IHHNVMX,connected_to
evt_SCSFLII,evt_LSCAFD,connected_to
evt_LSCAFD,evt_TSFI,connected_to
evt_LSCAFD,evt_SCSFLII,connected_to
evt_LSCAFD,evt_IHHNVMX,connected_to
evt_CPNPEBUI,evt_GCIFPS,connected_to
evt_CPNPEBUI,evt_CTEVDNPA,connected_to
evt_CPNPEBUI,evt_SKBRWHS,connected_to
evt_CPNPEBUI,evt_AGCBioResDecreed,connected_to
evt_CPNPEBUI,evt_FGFMCE,connected_to
evt_CPNPEBUI,evt_FMCNCreated,connected_to
evt_MTBSMXW,evt_SFTFB,connected_to
evt_MTBSMXW,evt_CTEVDNPA,connected_to
evt_PRPCFC,evt_FMRFSD,connected_to
evt_PRPCFC,evt_TSFI,connected_to
evt_FGFMCE,evt_FMCNCreated,connected_to
evt_FGFMCE,evt_CRIPBRTC,connected_to
evt_FGFMCE,evt_CPNPEBUI,connected_to
evt_FGFMCE,evt_GCIFPS,connected_to
evt_FGFMCE,evt_CTEVDNPA,connected_to
evt_FGFMCE,evt_SKBRWHS,connected_to
evt_FGFMCE,evt_AGCBioResDecreed,connected_to
evt_GNTotoabaProhib,evt_GTFP,connected_to
evt_GNTotoabaProhib,evt_IUCNTE,connected_to
evt_GNTotoabaProhib,evt_VaqProtectedList,connected_to
evt_GNTotoabaProhib,evt_IUCNLVQ,connected_to
evt_GNTotoabaProhib,evt_VaqStatusChange,connected_to
evt_UNFCCCFormed,evt_UNCEDRio,connected_to
evt_UNCEDRio,evt_UNFCCCFormed,connected_to
evt_VaqStatusChange,evt_IUCNLVQ,connected_to
evt_VaqStatusChange,evt_VaqProtectedList,connected_to
evt_VaqStatusChange,evt_GTFP,connected_to
evt_VaqStatusChange,evt_GNTotoabaProhib,connected_to
evt_VaqStatusChange,evt_IUCNTE,connected_to
evt_AGCBioResDecreed,evt_AGCBioResMngProg,connected_to
evt_AGCBioResDecreed,evt_CRDDR,connected_to
evt_AGCBioResDecreed,evt_GCDF,connected_to
evt_AGCBioResDecreed,evt_CRDFR,connected_to
evt_AGCBioResDecreed,evt_GCIFPS,connected_to
evt_AGCBioResDecreed,evt_GTFP,connected_to
evt_AGCBioResDecreed,evt_GNTotoabaProhib,connected_to
evt_AGCBioResDecreed,evt_IUCNTE,connected_to
evt_AGCBioResDecreed,evt_IUCNLVQ,connected_to
evt_AGCBioResDecreed,evt_VaqStatusChange,connected_to
evt_AGCBioResDecreed,evt_VaqProtectedList,connected_to
evt_VaqProtectedList,evt_IUCNLVQ,connected_to
evt_VaqProtectedList,evt_VaqStatusChange,connected_to
evt_VaqProtectedList,evt_GTFP,connected_to
evt_VaqProtectedList,evt_GNTotoabaProhib,connected_to
evt_VaqProtectedList,evt_IUCNTE,connected_to
evt_FMCNCreated,evt_FGFMCE,connected_to
evt_FMCNCreated,evt_CRIPBRTC,connected_to
evt_FMCNCreated,evt_CPNPEBUI,connected_to
evt_FMCNCreated,evt_GCIFPS,connected_to
evt_FMCNCreated,evt_CTEVDNPA,connected_to
evt_FMCNCreated,evt_SKBRWHS,connected_to
evt_FMCNCreated,evt_AGCBioResDecreed,connected_to
evt_AGCBioResMngProg,evt_AGCBioResDecreed,connected_to
evt_AGCBioResMngProg,evt_CRDDR,connected_to
evt_AGCBioResMngProg,evt_GCDF,connected_to
evt_AGCBioResMngProg,evt_CRDFR,connected_to
evt_AGCBioResMngProg,evt_GTFP,connected_to
evt_AGCBioResMngProg,evt_GNTotoabaProhib,connected_to
evt_AGCBioResMngProg,evt_IUCNTE,connected_to
evt_AGCBioResMngProg,evt_IUCNLVQ,connected_to
evt_AGCBioResMngProg,evt_VaqStatusChange,connected_to
evt_AGCBioResMngProg,evt_VaqProtectedList,connected_to
evt_CaboPulmoPark,evt_NCNPACreated,connected_to
evt_CaboPulmoPark,evt_FANPEstablished,connected_to
evt_CaboPulmoPark,evt_CONANPEstablished,connected_to
evt_CaboPulmoPark,evt_EspSantoMPAFail,connected_to
evt_GSCOperations,evt_VaqPopDecline90s,connected_to
evt_NCNPACreated,evt_CaboPulmoPark,connected_to
evt_NCNPACreated,evt_FANPEstablished,connected_to
evt_NCNPACreated,evt_CONANPEstablished,connected_to
evt_TEDsMandate,evt_ElNinoShrimpIncrease,connected_to
evt_TEDsMandate,evt_FAOShrimpBycatchWS,connected_to
evt_TEDsMandate,evt_SpectraNetUse,connected_to
evt_TEDsMandate,evt_INAPESCA_WWF_Suri,connected_to
evt_KyotoProtocolSigned,evt_WSSD_Fish,connected_to
evt_FANPEstablished,evt_CaboPulmoPark,connected_to
evt_FANPEstablished,evt_NCNPACreated,connected_to
evt_FANPEstablished,evt_CONANPEstablished,connected_to
evt_ElNinoShrimpIncrease,evt_TEDsMandate,connected_to
evt_ElNinoShrimpIncrease,evt_FAOShrimpBycatchWS,connected_to
evt_USMortgageInflux,evt_MexFinDeregulation,connected_to
evt_USMortgageInflux,evt_CaboLaPazDevBoom,connected_to
evt_USMortgageInflux,evt_CO_Urban,connected_to
evt_MexFinDeregulation,evt_USMortgageInflux,connected_to
evt_MexFinDeregulation,evt_MexSubsidiesEnd,connected_to
evt_FAOShrimpBycatchWS,evt_TEDsMandate,connected_to
evt_FAOShrimpBycatchWS,evt_ElNinoShrimpIncrease,connected_to
evt_FAOShrimpBycatchWS,evt_FAO_ReykDec,connected_to
evt_FAOShrimpBycatchWS,evt_WSSD_Fish,connected_to
evt_FAOShrimpBycatchWS,evt_NRC_FishWshop,connected_to
evt_FAOShrimpBycatchWS,evt_INAPESCA_WWF_Suri,connected_to
evt_CONANPEstablished,evt_CaboPulmoPark,connected_to
evt_CONANPEstablished,evt_NCNPACreated,connected_to
evt_CONANPEstablished,evt_FANPEstablished,connected_to
evt_CONANPEstablished,evt_SEMARNATReorgLGEEPA,connected_to
evt_CONANPEstablished,evt_EspSantoMPAFail,connected_to
evt_SpectraNetUse,evt_TEDsMandate,connected_to
evt_SpectraNetUse,evt_INAPESCA_WWF_Suri,connected_to
evt_VaqPopDecline90s,evt_GSCOperations,connected_to
evt_VaqPopDecline90s,evt_INAPESCA_WWF_Suri,connected_to
evt_BalandraConflict,evt_CaboLaPazDevBoom,connected_to
evt_BalandraConflict,evt_EspSantoMPAFail,connected_to
evt_SEMARNATReorgLGEEPA,evt_CONANPEstablished,connected_to
evt_SEMARNATReorgLGEEPA,evt_SEMARNAT_Oasis,connected_to
evt_SEMARNATReorgLGEEPA,evt_ENP_Start,connected_to
evt_EspSantoMPAFail,evt_CaboPulmoPark,connected_to
evt_EspSantoMPAFail,evt_CONANPEstablished,connected_to
evt_EspSantoMPAFail,evt_BalandraConflict,connected_to
evt_LosCabosTurtleProg,evt_CaboLaPazDevBoom,connected_to
evt_LosCabosTurtleProg,evt_WSSD_Fish,connected_to
evt_MexSubsidiesEnd,evt_MexFinDeregulation,connected_to
evt_MexSubsidiesEnd,evt_ENP_FundImpl,connected_to
evt_CaboLaPazDevBoom,evt_USMortgageInflux,connected_to
evt_CaboLaPazDevBoom,evt_CO_Urban,connected_to
evt_CaboLaPazDevBoom,evt_LosCabosTurtleProg,connected_to
evt_CaboLaPazDevBoom,evt_BalandraConflict,connected_to
evt_CaboLaPazDevBoom,evt_ENP_Start,connected_to
evt_FAO_ReykDec,evt_FAOShrimpBycatchWS,connected_to
evt_FAO_ReykDec,evt_WSSD_Fish,connected_to
evt_FAO_ReykDec,evt_NRC_FishWshop,connected_to
evt_CO_Urban,evt_USMortgageInflux,connected_to
evt_CO_Urban,evt_CaboLaPazDevBoom,connected_to
evt_CO_Urban,evt_SO_Disappear,connected_to
evt_CO_Urban,evt_SEMARNAT_Oasis,connected_to
evt_SO_Disappear,evt_CO_Urban,connected_to
evt_SO_Disappear,evt_SEMARNAT_Oasis,connected_to
evt_WSSD_Fish,evt_KyotoProtocolSigned,connected_to
evt_WSSD_Fish,evt_FAOShrimpBycatchWS,connected_to
evt_WSSD_Fish,evt_FAO_ReykDec,connected_to
evt_WSSD_Fish,evt_NRC_FishWshop,connected_to
evt_WSSD_Fish,evt_LosCabosTurtleProg,connected_to
evt_NRC_FishWshop,evt_FAOShrimpBycatchWS,connected_to
evt_NRC_FishWshop,evt_FAO_ReykDec,connected_to
evt_NRC_FishWshop,evt_WSSD_Fish,connected_to
evt_ENP_Start,evt_CaboLaPazDevBoom,connected_to
evt_ENP_Start,evt_ENP_FundImpl,connected_to
evt_ENP_Start,evt_AlCosta_ENP,connected_to
evt_ENP_Start,evt_SEMARNATReorgLGEEPA,connected_to
evt_AlCosta_ENP,evt_ENP_Start,connected_to
evt_AlCosta_ENP,evt_ENP_FundImpl,connected_to
evt_SEMARNAT_Oasis,evt_SEMARNATReorgLGEEPA,connected_to
evt_SEMARNAT_Oasis,evt_CO_Urban,connected_to
evt_SEMARNAT_Oasis,evt_SO_Disappear,connected_to
evt_INAPESCA_WWF_Suri,evt_TEDsMandate,connected_to
evt_INAPESCA_WWF_Suri,evt_SpectraNetUse,connected_to
evt_INAPESCA_WWF_Suri,evt_VaqPopDecline90s,connected_to
evt_INAPESCA_WWF_Suri,evt_FAOShrimpBycatchWS,connected_to
evt_ENP_FundImpl,evt_ENP_Start,connected_to
evt_ENP_FundImpl,evt_AlCosta_ENP,connected_to
evt_ENP_FundImpl,evt_MexSubsidiesEnd,connected_to
evt_BCS_PopCensus,evt_BCS_WaterRed,connected_to
evt_BCS_PopCensus,evt_CPNP_AuthEst,connected_to
evt_BCS_PopCensus,evt_LC_LandConflict,connected_to
evt_BCS_PopCensus,evt_LC_OrchardDecline,connected_to
evt_BCS_PopCensus,evt_OECD_BLI,connected_to
evt_BCS_PopCensus,evt_RIDISOS_Form,connected_to
evt_BCS_PopCensus,evt_SNIEG_Const,connected_to
evt_BCS_WaterRed,evt_LC_LandConflict,connected_to
evt_BCS_WaterRed,evt_LC_OrchardDecline,connected_to
evt_BCS_WaterRed,evt_RIDISOS_Form,connected_to
evt_BCS_WaterRed,evt_SDV_Irrig,connected_to
evt_CIMARES_Created,evt_CPNP_AuthEst,connected_to
evt_CIMARES_Created,evt_GoC_MEZP_Impl,connected_to
evt_CIMARES_Created,evt_MGIC,connected_to
evt_CIMARES_Created,evt_WFF_SustSeafood,connected_to
evt_CIMARES_Created,evt_WWF_FCS_Alliance,connected_to
evt_COBI_SensorNet,evt_GoC_MEZP_Impl,connected_to
evt_COBI_SensorNet,evt_ITFE,connected_to
evt_COBI_SensorNet,evt_VMS_IndFish,connected_to
evt_EDF_ShrimpExit,evt_WFF_FishCommCap,connected_to
evt_EDF_ShrimpExit,evt_WFF_Smartfish,connected_to
evt_EDF_ShrimpExit,evt_WFF_SustSeafood,connected_to
evt_ENP_Emerges,evt_GFC_ENP_Disapp,connected_to
evt_GFC_ENP_Disapp,evt_GlobalCrisis_Start,connected_to
evt_GoC_MEZP_Impl,evt_GoC_SardineMax,connected_to
evt_GoC_MEZP_Impl,evt_GoC_UNESCO,connected_to
evt_GoC_MEZP_Impl,evt_MGIC,connected_to
evt_GoC_MEZP_Impl,evt_WFF_GoC_Env,connected_to
evt_GoC_MEZP_Impl,evt_Watton_GoC_Disc,connected_to
evt_GoC_SardineMax,evt_GoC_UNESCO,connected_to
evt_GoC_SardineMax,evt_VMS_IndFish,connected_to
evt_GoC_SardineMax,evt_WFF_FishCommCap,connected_to
evt_GoC_SardineMax,evt_WFF_Smartfish,connected_to
evt_GoC_SardineMax,evt_WFF_SustSeafood,connected_to
evt_GoC_SardineMax,evt_Watton_GoC_Disc,connected_to
evt_GoC_UNESCO,evt_ITFE,connected_to
evt_GoC_UNESCO,evt_MGIC,connected_to
evt_GoC_UNESCO,evt_WFF_GoC_Env,connected_to
evt_GoC_UNESCO,evt_Watton_GoC_Disc,connected_to
evt_ITFE,evt_MGIC,connected_to
evt_ITFE,evt_PROFEPA_RHPTM,connected_to
evt_ITFE,evt_VMS_IndFish,connected_to
evt_ITFE,evt_VaquitaFriendly_Cert,connected_to
evt_ITFE,evt_WFF_SustSeafood,connected_to
evt_LC_LandConflict,evt_LC_OrchardDecline,connected_to
evt_LC_LandConflict,evt_RIDISOS_Form,connected_to
evt_LC_OrchardDecline,evt_RIDISOS_Form,connected_to
evt_LC_OrchardDecline,evt_SDV_Irrig,connected_to
evt_MGIC,evt_PROFEPA_RHPTM,connected_to
evt_MGIC,evt_VMS_IndFish,connected_to
evt_MGIC,evt_VaquitaFriendly_Cert,connected_to
evt_MGIC,evt_WWF_FCS_Alliance,connected_to
evt_OECD_BLI,evt_SNIEG_Const,connected_to
evt_PROFEPA_RHPTM,evt_VMS_IndFish,connected_to
evt_RIDISOS_Form,evt_SDV_Irrig,connected_to
evt_VaquitaFriendly_Cert,evt_WFF_FishCommCap,connected_to
evt_VaquitaFriendly_Cert,evt_WFF_Smartfish,connected_to
evt_VaquitaFriendly_Cert,evt_WFF_SustSeafood,connected_to
evt_VaquitaFriendly_Cert,evt_WWF_FCS_Alliance,connected_to
evt_WFF_FishCommCap,evt_WFF_GoC_Env,connected_to
evt_WFF_FishCommCap,evt_WFF_MexicoGrants,connected_to
evt_WFF_FishCommCap,evt_WFF_Smartfish,connected_to
evt_WFF_FishCommCap,evt_WFF_SustSeafood,connected_to
evt_WFF_FishCommCap,evt_Watton_GoC_Disc,connected_to
evt_WFF_GoC_Env,evt_WFF_MexicoGrants,connected_to
evt_WFF_GoC_Env,evt_WFF_Smartfish,connected_to
evt_WFF_GoC_Env,evt_WFF_SustSeafood,connected_to
evt_WFF_GoC_Env,evt_Watton_GoC_Disc,connected_to
evt_WFF_MexicoGrants,evt_WFF_Smartfish,connected_to
evt_WFF_MexicoGrants,evt_WFF_SustSeafood,connected_to
evt_WFF_MexicoGrants,evt_Watton_GoC_Disc,connected_to
evt_WFF_Smartfish,evt_WFF_SustSeafood,connected_to
evt_WFF_Smartfish,evt_Watton_GoC_Disc,connected_to
evt_WFF_SustSeafood,evt_Watton_GoC_Disc,connected_to
evt_APCSUTMB,evt_BPEPC,connected_to
evt_APCSUTMB,evt_CONANPEES,connected_to
evt_APCSUTMB,evt_PAGCWHID,connected_to
evt_ASAESD,evt_CPMWMB,connected_to
evt_ASAESD,evt_CWAI,connected_to
evt_ASAESD,evt_HOBCS,connected_to
evt_BPEPC,evt_DMLPNY,connected_to
evt_BPEPC,evt_EDFRC,connected_to
evt_BPEPC,evt_EGCLDF,connected_to
evt_BPEPC,evt_ICPSEA,connected_to
evt_BPEPC,evt_PANGASIPO,connected_to
evt_CIFGNS,evt_GNRPL,connected_to
evt_CIFGNS,evt_ITDNSM,connected_to
evt_CIFGNS,evt_OCITFP,connected_to
evt_CIFGNS,evt_PAGCWHID,connected_to
evt_CIFGNS,evt_USMGBCV,connected_to
evt_CMUSTMTT,evt_ITDNSM,connected_to
evt_CMUSTMTT,evt_OCITFP,connected_to
evt_CMUSTMTT,evt_PAGCWHID,connected_to
evt_CMUSTMTT,evt_USMGBCV,connected_to
evt_COIL,evt_HLPSOE,connected_to
evt_COIL,evt_PROBLUE,connected_to
evt_COIL,evt_UNDOSSD,connected_to
evt_CPCSM,evt_CPMWMB,connected_to
evt_CPCSM,evt_MGDFSF,connected_to
evt_CPMWMB,evt_CWAI,connected_to
evt_CPMWMB,evt_HOBCS,connected_to
evt_CPMWMB,evt_MRSBCS,connected_to
evt_CPMWMB,evt_PAMSLC,connected_to
evt_CWAI,evt_HOBCS,connected_to
evt_CWAI,evt_PAMSLC,connected_to
evt_DMLPNY,evt_EDFRC,connected_to
evt_DMLPNY,evt_EGCLDF,connected_to
evt_DMLPNY,evt_ICPSEA,connected_to
evt_DMLPNY,evt_PANGASIPO,connected_to
evt_EDFRC,evt_EGCLDF,connected_to
evt_EDFRC,evt_ICPSEA,connected_to
evt_EDFRC,evt_PANGASIPO,connected_to
evt_EDFRC,evt_PLIMSC,connected_to
evt_EDFRC,evt_PROBLUE,connected_to
evt_EDFRC,evt_SAGARPAGCF,connected_to
evt_EDFRC,evt_SAILCLFL,connected_to
evt_EGCLDF,evt_ICPSEA,connected_to
evt_EGCLDF,evt_PANGASIPO,connected_to
evt_GNRPL,evt_ITDNSM,connected_to
evt_GNRPL,evt_PAGCWHID,connected_to
evt_GNRPL,evt_USMGBCV,connected_to
evt_HLPSOE,evt_UNDOSSD,connected_to
evt_HOBCS,evt_MRSBCS,connected_to
evt_ICPSEA,evt_PANGASIPO,connected_to
evt_ICPSEA,evt_PLIMSC,connected_to
evt_ITDNSM,evt_OCITFP,connected_to
evt_ITDNSM,evt_PAGCWHID,connected_to
evt_ITDNSM,evt_USMGBCV,connected_to
evt_MGDFSF,evt_SAGARPAGCF,connected_to
evt_MRSBCS,evt_OCITFP,connected_to
evt_OCITFP,evt_PAGCWHID,connected_to
evt_PAGCWHID,evt_PANGASIPO,connected_to
evt_PAGCWHID,evt_USMGBCV,connected_to
evt_PAMSLC,evt_CPMWMB,connected_to
evt_PANGASIPO,evt_SAGARPAGCF,connected_to
evt_PROBLUE,evt_UNDOSSD,connected_to
evt_SAGARPAGCF,evt_SAILCLFL,connected_to
evt_USMGBCV,evt_OCITFP,connected_to
evt_ALCOSTAPO,evt_BIOMARP,connected_to
evt_ALCOSTAPO,evt_CSSDIP,connected_to
evt_ALCOSTAPO,evt_PPCSOM,connected_to
evt_ASAPIS,evt_HOSTRVS,connected_to
evt_BIOMARP,evt_BWSTSEP,connected_to
evt_BIOMARP,evt_CTSRRD,connected_to
evt_BIOMARP,evt_CSSDIP,connected_to
evt_BIOMARP,evt_GPETBCP,connected_to
evt_BIOMARP,evt_GTCSFBTM,connected_to
evt_BWSTSEP,evt_CTSRRD,connected_to
evt_BWSTSEP,evt_CSSDIP,connected_to
evt_BWSTSEP,evt_GPETBCP,connected_to
evt_BWSTSEP,evt_HOSTRVS,connected_to
evt_CSSDIP,evt_CTSRRD,connected_to
evt_CSSDIP,evt_GPETBCP,connected_to
evt_CSSDIP,evt_GTCSFBTM,connected_to
evt_CSSDIP,evt_HOSTRVS,connected_to
evt_CTSRRD,evt_GPETBCP,connected_to
evt_CTSRRD,evt_HOSTRVS,connected_to
evt_GPETBCP,evt_HOSTRVS,connected_to
evt_GTCSFBTM,evt_HOSTRVS,connected_to
evt_PPCSOM,evt_ASAPIS,connected_to
niche_ARALP,niche_ATBF,similar_to
niche_ARALP,niche_BF_CF,similar_to
niche_ARALP,niche_FSA,similar_to
niche_ARALP,niche_GTMPTF,similar_to
niche_ARALP,niche_RWE,similar_to
niche_ATBF,niche_BUFFS,similar_to
niche_ATBF,niche_FPIIK,similar_to
niche_ATBF,niche_SLITT,similar_to
niche_ATBF,niche_SPA,similar_to
niche_BC_GA,niche_BCSCA,similar_to
niche_BC_GA,niche_ELBA,similar_to
niche_BC_GA,niche_FSA,similar_to
niche_BC_GA,niche_IIFGCBE,similar_to
niche_BC_GA,niche_MESPPGC,similar_to
niche_BC_GA,niche_PEFRA,similar_to
niche_BC_GA,niche_STS_CDPP,similar_to
niche_BCSCA,niche_CBFMNFZ,similar_to
niche_BCSCA,niche_CC_MSS,similar_to
niche_BCSCA,niche_FB,similar_to
niche_BCSCA,niche_FSA,similar_to
niche_BCSCA,niche_MCMEP,similar_to
niche_BCSCA,niche_PF,similar_to
niche_BCSCA,niche_PFPEP,similar_to
niche_BCSCA,niche_SCSF,similar_to
niche_BF_CF,niche_IIFGCBE,similar_to
niche_BF_CF,niche_PF,similar_to
niche_BF_CF,niche_RWE,similar_to
niche_BUFFS,niche_CBFMNFZ,similar_to
niche_BUFFS,niche_CC_MSS,similar_to
niche_BUFFS,niche_EBFMA,similar_to
niche_BUFFS,niche_FB,similar_to
niche_BUFFS,niche_FPIIK,similar_to
niche_BUFFS,niche_FSA,similar_to
niche_BUFFS,niche_SBSFMRA,similar_to
niche_BUFFS,niche_SPA,similar_to
niche_CBFMNFZ,niche_CC_MSS,similar_to
niche_CBFMNFZ,niche_EBFMA,similar_to
niche_CBFMNFZ,niche_EMU_UGAS_LVW,similar_to
niche_CBFMNFZ,niche_FPIIK,similar_to
niche_CBFMNFZ,niche_PFPEP,similar_to
niche_CBFMNFZ,niche_SBSFMRA,similar_to
niche_CBFMNFZ,niche_SPA,similar_to
niche_CC_MSS,niche_FB,similar_to
niche_CC_MSS,niche_FSA,similar_to
niche_CC_MSS,niche_PFPEP,similar_to
niche_EBFMA,niche_FPIIK,similar_to
niche_EBFMA,niche_SBSFMRA,similar_to
niche_EBFMA,niche_SPA,similar_to
niche_EMU_UGAS_LVW,niche_PFPEP,similar_to
niche_ELBA,niche_MCMEP,similar_to
niche_FB,niche_FSA,similar_to
niche_FPIIK,niche_SBSFMRA,similar_to
niche_FPIIK,niche_SPA,similar_to
niche_FSA,niche_GTMPTF,similar_to
niche_FSA,niche_PF,similar_to
niche_FSA,niche_PFPEP,similar_to
niche_FSA,niche_RWE,similar_to
niche_GTMPTF,niche_PEFRA,similar_to
niche_GTMPTF,niche_RWE,similar_to
niche_IIFGCBE,niche_MESPPGC,similar_to
niche_IIFGCBE,niche_OHP,similar_to
niche_IIFGCBE,niche_PEFRA,similar_to
niche_IIFGCBE,niche_PF,similar_to
niche_IIFGCBE,niche_SCSF,similar_to
niche_IIFGCBE,niche_SOE,similar_to
niche_MCMEP,niche_MESPPGC,similar_to
niche_MCMEP,niche_SCSF,similar_to
niche_MCMEP,niche_SOE,similar_to
niche_MESPPGC,niche_SCSF,similar_to
niche_MESPPGC,niche_SOE,similar_to
niche_MESPPGC,niche_STS_CDPP,similar_to
niche_OHP,niche_OHITGB,similar_to
niche_OHP,niche_SOE,similar_to
niche_OHITGB,niche_SBSFMRA,similar_to
niche_OHITGB,niche_SOE,similar_to
niche_OHITGB,niche_STS_CDPP,similar_to
niche_PF,niche_PFPEP,similar_to
niche_PFPEP,niche_RWE,similar_to
niche_SBSFMRA,niche_SPA,similar_to
niche_AA,niche_CDWBCS,similar_to
niche_AA,niche_EINGO,similar_to
niche_AA,niche_REA,similar_to
niche_AA,niche_RLNGO,similar_to
niche_AEVTOS,niche_BHIIF,similar_to
niche_AEVTOS,niche_LCE_TP,similar_to
niche_AEVTOS,niche_REA,similar_to
niche_ALFC,niche_BHIIF,similar_to
niche_ALFC,niche_BUIHFI,similar_to
niche_ALFC,niche_CBTSSSF,similar_to
niche_ALFC,niche_CDWBCS,similar_to
niche_ALFC,niche_CMCASFP,similar_to
niche_ALFC,niche_EDFAAF,similar_to
niche_ALFC,niche_FTPSF,similar_to
niche_ALFC,niche_GOCP,similar_to
niche_ALFC,niche_ICPAP,similar_to
niche_ALFC,niche_LCE_TP,similar_to
niche_ALFC,niche_MPAFCI,similar_to
niche_ALFC,niche_NGOSFIS,similar_to
niche_ALFC,niche_PAP,similar_to
niche_ALFC,niche_REA,similar_to
niche_ALFC,niche_SFC,similar_to
niche_ALFC,niche_SFVRM,similar_to
niche_BHIIF,niche_AEVTOS,similar_to
niche_BHIIF,niche_ALFC,similar_to
niche_BHIIF,niche_CDWBCS,similar_to
niche_BHIIF,niche_GOCP,similar_to
niche_BHIIF,niche_LCE_TP,similar_to
niche_BHIIF,niche_REA,similar_to
niche_BHIIF,niche_RITA_WEI,similar_to
niche_BUIHFI,niche_ALFC,similar_to
niche_BUIHFI,niche_CBTSSSF,similar_to
niche_BUIHFI,niche_CDWBCS,similar_to
niche_BUIHFI,niche_CMCASFP,similar_to
niche_BUIHFI,niche_EDFAAF,similar_to
niche_BUIHFI,niche_FTPSF,similar_to
niche_BUIHFI,niche_GOCP,similar_to
niche_BUIHFI,niche_ICPAP,similar_to
niche_BUIHFI,niche_LCE_TP,similar_to
niche_BUIHFI,niche_MPAFCI,similar_to
niche_BUIHFI,niche_NGOSFIS,similar_to
niche_BUIHFI,niche_PAP,similar_to
niche_BUIHFI,niche_REA,similar_to
niche_BUIHFI,niche_SFC,similar_to
niche_BUIHFI,niche_SFVRM,similar_to
niche_CBTSSSF,niche_ALFC,similar_to
niche_CBTSSSF,niche_BUIHFI,similar_to
niche_CBTSSSF,niche_CDWBCS,similar_to
niche_CBTSSSF,niche_CMCASFP,similar_to
niche_CBTSSSF,niche_EDFAAF,similar_to
niche_CBTSSSF,niche_FTPSF,similar_to
niche_CBTSSSF,niche_GOCP,similar_to
niche_CBTSSSF,niche_ICPAP,similar_to
niche_CBTSSSF,niche_LCE_TP,similar_to
niche_CBTSSSF,niche_MPAFCI,similar_to
niche_CBTSSSF,niche_NGOSFIS,similar_to
niche_CBTSSSF,niche_PAP,similar_to
niche_CBTSSSF,niche_REA,similar_to
niche_CBTSSSF,niche_RLNGO,similar_to
niche_CBTSSSF,niche_SFC,similar_to
niche_CBTSSSF,niche_SFVRM,similar_to
niche_CDWBCS,niche_AA,similar_to
niche_CDWBCS,niche_AEVTOS,similar_to
niche_CDWBCS,niche_ALFC,similar_to
niche_CDWBCS,niche_BHIIF,similar_to
niche_CDWBCS,niche_BUIHFI,similar_to
niche_CDWBCS,niche_CBTSSSF,similar_to
niche_CDWBCS,niche_CLEMWS,similar_to
niche_CDWBCS,niche_CMCASFP,similar_to
niche_CDWBCS,niche_DDJFJI,similar_to
niche_CDWBCS,niche_EDFAAF,similar_to
niche_CDWBCS,niche_FTPSF,similar_to
niche_CDWBCS,niche_GOCP,similar_to
niche_CDWBCS,niche_ICPAP,similar_to
niche_CDWBCS,niche_LCE_TP,similar_to
niche_CDWBCS,niche_LRDCACF,similar_to
niche_CDWBCS,niche_MPAFCI,similar_to
niche_CDWBCS,niche_NGOSFIS,similar_to
niche_CDWBCS,niche_PAP,similar_to
niche_CDWBCS,niche_REA,similar_to
niche_CDWBCS,niche_RITA_WEI,similar_to
niche_CDWBCS,niche_SFC,similar_to
niche_CDWBCS,niche_SFVRM,similar_to
niche_CLEMWS,niche_CDWBCS,similar_to
niche_CLEMWS,niche_LRDCACF,similar_to
niche_CLEMWS,niche_REA,similar_to
niche_CLTFHA,niche_DLTSHP,similar_to
niche_CLTFHA,niche_LRDCACF,similar_to
niche_CMCASFP,niche_ALFC,similar_to
niche_CMCASFP,niche_BUIHFI,similar_to
niche_CMCASFP,niche_CBTSSSF,similar_to
niche_CMCASFP,niche_CDWBCS,similar_to
niche_CMCASFP,niche_DDJFJI,similar_to
niche_CMCASFP,niche_EDFAAF,similar_to
niche_CMCASFP,niche_FTPSF,similar_to
niche_CMCASFP,niche_GOCP,similar_to
niche_CMCASFP,niche_ICPAP,similar_to
niche_CMCASFP,niche_LCE_TP,similar_to
niche_CMCASFP,niche_MPAFCI,similar_to
niche_CMCASFP,niche_NGOSFIS,similar_to
niche_CMCASFP,niche_PAP,similar_to
niche_CMCASFP,niche_REA,similar_to
niche_CMCASFP,niche_SFC,similar_to
niche_CMCASFP,niche_SFVRM,similar_to
niche_DDJFJI,niche_CDWBCS,similar_to
niche_DDJFJI,niche_CMCASFP,similar_to
niche_DDJFJI,niche_RITA_WEI,similar_to
niche_DDJFJI,niche_YCB_DLP,similar_to
niche_DLTSHP,niche_CLTFHA,similar_to
niche_DLTSHP,niche_YCB_DLP,similar_to
niche_EDFAAF,niche_ALFC,similar_to
niche_EDFAAF,niche_BUIHFI,similar_to
niche_EDFAAF,niche_CBTSSSF,similar_to
niche_EDFAAF,niche_CDWBCS,similar_to
niche_EDFAAF,niche_CMCASFP,similar_to
niche_EDFAAF,niche_EINGO,similar_to
niche_EDFAAF,niche_FTPSF,similar_to
niche_EDFAAF,niche_GOCP,similar_to
niche_EDFAAF,niche_ICPAP,similar_to
niche_EDFAAF,niche_LCE_TP,similar_to
niche_EDFAAF,niche_MPAFCI,similar_to
niche_EDFAAF,niche_NGOSFIS,similar_to
niche_EDFAAF,niche_PAP,similar_to
niche_EDFAAF,niche_REA,similar_to
niche_EDFAAF,niche_RLNGO,similar_to
niche_EDFAAF,niche_SFC,similar_to
niche_EDFAAF,niche_SFVRM,similar_to
niche_EINGO,niche_AA,similar_to
niche_EINGO,niche_EDFAAF,similar_to
niche_EINGO,niche_MPAFCI,similar_to
niche_EINGO,niche_NGOSFIS,similar_to
niche_EINGO,niche_RLNGO,similar_to
niche_FTPSF,niche_ALFC,similar_to
niche_FTPSF,niche_BUIHFI,similar_to
niche_FTPSF,niche_CBTSSSF,similar_to
niche_FTPSF,niche_CDWBCS,similar_to
niche_FTPSF,niche_CMCASFP,similar_to
niche_FTPSF,niche_EDFAAF,similar_to
niche_FTPSF,niche_GOCP,similar_to
niche_FTPSF,niche_ICPAP,similar_to
niche_FTPSF,niche_LCE_TP,similar_to
niche_FTPSF,niche_MPAFCI,similar_to
niche_FTPSF,niche_NGOSFIS,similar_to
niche_FTPSF,niche_PAP,similar_to
niche_FTPSF,niche_REA,similar_to
niche_FTPSF,niche_SFC,similar_to
niche_FTPSF,niche_SFVRM,similar_to
niche_GOCP,niche_ALFC,similar_to
niche_GOCP,niche_BHIIF,similar_to
niche_GOCP,niche_BUIHFI,similar_to
niche_GOCP,niche_CBTSSSF,similar_to
niche_GOCP,niche_CDWBCS,similar_to
niche_GOCP,niche_CMCASFP,similar_to
niche_GOCP,niche_EDFAAF,similar_to
niche_GOCP,niche_FTPSF,similar_to
niche_GOCP,niche_ICPAP,similar_to
niche_GOCP,niche_LCE_TP,similar_to
niche_GOCP,niche_MPAFCI,similar_to
niche_GOCP,niche_NGOSFIS,similar_to
niche_GOCP,niche_PAP,similar_to
niche_GOCP,niche_REA,similar_to
niche_GOCP,niche_RITA_WEI,similar_to
niche_GOCP,niche_SFC,similar_to
niche_GOCP,niche_SFVRM,similar_to
niche_ICPAP,niche_ALFC,similar_to
niche_ICPAP,niche_BUIHFI,similar_to
niche_ICPAP,niche_CBTSSSF,similar_to
niche_ICPAP,niche_CDWBCS,similar_to
niche_ICPAP,niche_CMCASFP,similar_to
niche_ICPAP,niche_EDFAAF,similar_to
niche_ICPAP,niche_FTPSF,similar_to
niche_ICPAP,niche_GOCP,similar_to
niche_ICPAP,niche_LCE_TP,similar_to
niche_ICPAP,niche_MPAFCI,similar_to
niche_ICPAP,niche_NGOSFIS,similar_to
niche_ICPAP,niche_PAP,similar_to
niche_ICPAP,niche_REA,similar_to
niche_ICPAP,niche_RLNGO,similar_to
niche_ICPAP,niche_SFC,similar_to
niche_ICPAP,niche_SFVRM,similar_to
niche_LCE_TP,niche_AEVTOS,similar_to
niche_LCE_TP,niche_ALFC,similar_to
niche_LCE_TP,niche_BHIIF,similar_to
niche_LCE_TP,niche_BUIHFI,similar_to
niche_LCE_TP,niche_CBTSSSF,similar_to
niche_LCE_TP,niche_CDWBCS,similar_to
niche_LCE_TP,niche_CMCASFP,similar_to
niche_LCE_TP,niche_EDFAAF,similar_to
niche_LCE_TP,niche_FTPSF,similar_to
niche_LCE_TP,niche_GOCP,similar_to
niche_LCE_TP,niche_ICPAP,similar_to
niche_LCE_TP,niche_MPAFCI,similar_to
niche_LCE_TP,niche_NGOSFIS,similar_to
niche_LCE_TP,niche_PAP,similar_to
niche_LCE_TP,niche_REA,similar_to
niche_LCE_TP,niche_SFC,similar_to
niche_LCE_TP,niche_SFVRM,similar_to
niche_LRDCACF,niche_CDWBCS,similar_to
niche_LRDCACF,niche_CLEMWS,similar_to
niche_LRDCACF,niche_CLTFHA,similar_to
niche_LRDCACF,niche_MPAFCI,similar_to
niche_LRDCACF,niche_RITA_WEI,similar_to
niche_LRDCACF,niche_YCB_DLP,similar_to
niche_MPAFCI,niche_ALFC,similar_to
niche_MPAFCI,niche_BUIHFI,similar_to
niche_MPAFCI,niche_CBTSSSF,similar_to
niche_MPAFCI,niche_CDWBCS,similar_to
niche_MPAFCI,niche_CMCASFP,similar_to
niche_MPAFCI,niche_EDFAAF,similar_to
niche_MPAFCI,niche_EINGO,similar_to
niche_MPAFCI,niche_FTPSF,similar_to
niche_MPAFCI,niche_GOCP,similar_to
niche_MPAFCI,niche_ICPAP,similar_to
niche_MPAFCI,niche_LCE_TP,similar_to
niche_MPAFCI,niche_LRDCACF,similar_to
niche_MPAFCI,niche_NGOSFIS,similar_to
niche_MPAFCI,niche_PAP,similar_to
niche_MPAFCI,niche_REA,similar_to
niche_MPAFCI,niche_RLNGO,similar_to
niche_MPAFCI,niche_SFC,similar_to
niche_MPAFCI,niche_SFVRM,similar_to
niche_NGOSFIS,niche_ALFC,similar_to
niche_NGOSFIS,niche_BUIHFI,similar_to
niche_NGOSFIS,niche_CBTSSSF,similar_to
niche_NGOSFIS,niche_CDWBCS,similar_to
niche_NGOSFIS,niche_CMCASFP,similar_to
niche_NGOSFIS,niche_EDFAAF,similar_to
niche_NGOSFIS,niche_EINGO,similar_to
niche_NGOSFIS,niche_FTPSF,similar_to
niche_NGOSFIS,niche_GOCP,similar_to
niche_NGOSFIS,niche_ICPAP,similar_to
niche_NGOSFIS,niche_LCE_TP,similar_to
niche_NGOSFIS,niche_MPAFCI,similar_to
niche_NGOSFIS,niche_PAP,similar_to
niche_NGOSFIS,niche_REA,similar_to
niche_NGOSFIS,niche_RLNGO,similar_to
niche_NGOSFIS,niche_SFC,similar_to
niche_NGOSFIS,niche_SFVRM,similar_to
niche_PAP,niche_ALFC,similar_to
niche_PAP,niche_BUIHFI,similar_to
niche_PAP,niche_CBTSSSF,similar_to
niche_PAP,niche_CDWBCS,similar_to
niche_PAP,niche_CMCASFP,similar_to
niche_PAP,niche_EDFAAF,similar_to
niche_PAP,niche_FTPSF,similar_to
niche_PAP,niche_GOCP,similar_to
niche_PAP,niche_ICPAP,similar_to
niche_PAP,niche_LCE_TP,similar_to
niche_PAP,niche_MPAFCI,similar_to
niche_PAP,niche_NGOSFIS,similar_to
niche_PAP,niche_REA,similar_to
niche_PAP,niche_SFC,similar_to
niche_PAP,niche_SFVRM,similar_to
niche_REA,niche_AA,similar_to
niche_REA,niche_AEVTOS,similar_to
niche_REA,niche_ALFC,similar_to
niche_REA,niche_BHIIF,similar_to
niche_REA,niche_BUIHFI,similar_to
niche_REA,niche_CBTSSSF,similar_to
niche_REA,niche_CDWBCS,similar_to
niche_REA,niche_CLEMWS,similar_to
niche_REA,niche_CMCASFP,similar_to
niche_REA,niche_EDFAAF,similar_to
niche_REA,niche_FTPSF,similar_to
niche_REA,niche_GOCP,similar_to
niche_REA,niche_ICPAP,similar_to
niche_REA,niche_LCE_TP,similar_to
niche_REA,niche_MPAFCI,similar_to
niche_REA,niche_NGOSFIS,similar_to
niche_REA,niche_PAP,similar_to
niche_REA,niche_RITA_WEI,similar_to
niche_REA,niche_SFC,similar_to
niche_REA,niche_SFVRM,similar_to
niche_RITA_WEI,niche_BHIIF,similar_to
niche_RITA_WEI,niche_CDWBCS,similar_to
niche_RITA_WEI,niche_DDJFJI,similar_to
niche_RITA_WEI,niche_GOCP,similar_to
niche_RITA_WEI,niche_LRDCACF,similar_to
niche_RITA_WEI,niche_REA,similar_to
niche_RLNGO,niche_AA,similar_to
niche_RLNGO,niche_CBTSSSF,similar_to
niche_RLNGO,niche_EDFAAF,similar_to
niche_RLNGO,niche_EINGO,similar_to
niche_RLNGO,niche_ICPAP,similar_to
niche_RLNGO,niche_MPAFCI,similar_to
niche_RLNGO,niche_NGOSFIS,similar_to
niche_SFC,niche_ALFC,similar_to
niche_SFC,niche_BUIHFI,similar_to
niche_SFC,niche_CBTSSSF,similar_to
niche_SFC,niche_CDWBCS,similar_to
niche_SFC,niche_CMCASFP,similar_to
niche_SFC,niche_EDFAAF,similar_to
niche_SFC,niche_FTPSF,similar_to
niche_SFC,niche_GOCP,similar_to
niche_SFC,niche_ICPAP,similar_to
niche_SFC,niche_LCE_TP,similar_to
niche_SFC,niche_MPAFCI,similar_to
niche_SFC,niche_NGOSFIS,similar_to
niche_SFC,niche_PAP,similar_to
niche_SFC,niche_REA,similar_to
niche_SFC,niche_SFVRM,similar_to
niche_SFVRM,niche_ALFC,similar_to
niche_SFVRM,niche_BUIHFI,similar_to
niche_SFVRM,niche_CBTSSSF,similar_to
niche_SFVRM,niche_CDWBCS,similar_to
niche_SFVRM,niche_CMCASFP,similar_to
niche_SFVRM,niche_EDFAAF,similar_to
niche_SFVRM,niche_FTPSF,similar_to
niche_SFVRM,niche_GOCP,similar_to
niche_SFVRM,niche_ICPAP,similar_to
niche_SFVRM,niche_LCE_TP,similar_to
niche_SFVRM,niche_MPAFCI,similar_to
niche_SFVRM,niche_NGOSFIS,similar_to
niche_SFVRM,niche_PAP,similar_to
niche_SFVRM,niche_REA,similar_to
niche_SFVRM,niche_SFC,similar_to
niche_YCB_DLP,niche_CDWBCS,similar_to
niche_YCB_DLP,niche_DDJFJI,similar_to
niche_YCB_DLP,niche_DLTSHP,similar_to
niche_YCB_DLP,niche_LRDCACF,similar_to
niche_AATPHMR,niche_ACFRP,similar_to
niche_AATPHMR,niche_AFBPCSP,similar_to
niche_AATPHMR,niche_AFLWP,similar_to
niche_AATPHMR,niche_ASA_ORG_PROG,similar_to
niche_AATPHMR,niche_ECLMS,similar_to
niche_AATPHMR,niche_HOISRP,similar_to
niche_AATPHMR,niche_TEKCCI,similar_to
niche_ACFRP,niche_AFBPCSP,similar_to
niche_ACFRP,niche_AFLWP,similar_to
niche_ACFRP,niche_ASA_ORG_PROG,similar_to
niche_ACFRP,niche_HOISRP,similar_to
niche_ACFRP,niche_TEKCCI,similar_to
niche_AFBPCSP,niche_AFLWP,similar_to
niche_AFBPCSP,niche_ASA_ORG_PROG,similar_to
niche_AFBPCSP,niche_ECLMS,similar_to
niche_AFLWP,niche_ASA_ORG_PROG,similar_to
niche_AMM,niche_ATDM,similar_to
niche_AMM,niche_CSOGSR,similar_to
niche_AMM,niche_ECLMS,similar_to
niche_AMM,niche_ERC,similar_to
niche_AMM,niche_GEAM,similar_to
niche_AMM,niche_PMIMP,similar_to
niche_ASA_ORG_PROG,niche_CSM,similar_to
niche_ASA_ORG_PROG,niche_ECLMS,similar_to
niche_ASA_ORG_PROG,niche_HOISRP,similar_to
niche_ASA_ORG_PROG,niche_HWNCF,similar_to
niche_ASA_ORG_PROG,niche_NFCCSO,similar_to
niche_ASA_ORG_PROG,niche_TBFP_CO,similar_to
niche_ASA_ORG_PROG,niche_TEKCCI,similar_to
niche_ATDM,niche_CSOGSR,similar_to
niche_ATDM,niche_ECLMS,similar_to
niche_ATDM,niche_ERC,similar_to
niche_ATDM,niche_GEAM,similar_to
niche_CBELI,niche_CSCSCP,similar_to
niche_CBELI,niche_NFCCSO,similar_to
niche_CSCSCP,niche_CSOGSR,similar_to
niche_CSCSCP,niche_NFCCSO,similar_to
niche_CSM,niche_GEAM,similar_to
niche_CSM,niche_NFCCSO,similar_to
niche_CSM,niche_PMIMP,similar_to
niche_CSOGSR,niche_ECLMS,similar_to
niche_CSOGSR,niche_HOISRP,similar_to
niche_CSOGSR,niche_NFCCSO,similar_to
niche_ECLMS,niche_HOISRP,similar_to
niche_ECLMS,niche_ITA_WR,similar_to
niche_ERC,niche_GEAM,similar_to
niche_ERC,niche_HWNCF,similar_to
niche_ERC,niche_ITA_WR,similar_to
niche_ERC,niche_TEKCCI,similar_to
niche_GEAM,niche_HWNCF,similar_to
niche_HOISRP,niche_TEKCCI,similar_to
niche_HWNCF,niche_TEKCCI,similar_to
niche_ITA_WR,niche_TEKCCI,similar_to
niche_NFCCSO,niche_PMIMP,similar_to
niche_NFCCSO,niche_TBFP_CO,similar_to
